,Mean,Standard Deviation
F1 Scores,0.40682802026392484,0.11105717068574701
Score Times,0.0038503170013427734,0.005961776107668245
Fit Times,0.036363649368286136,0.007672506920801439
