,Mean,Standard Deviation
F1 Scores,0.42844469376552147,0.048756728075386606
Score Times,0.06553421020507813,0.020796251178643047
Fit Times,0.8321006298065186,0.02283894450908597
