,Mean,Standard Deviation
F1 Scores,0.25383788033650445,0.014364350026823264
Score Times,0.3007025718688965,0.006523173575033851
Fit Times,0.006458473205566406,0.007512055581030604
