,Mean,Standard Deviation
F1 Scores,0.0,0.0
Score Times,1.0187089920043946,0.03482668908403771
Fit Times,2.377707767486572,0.06885723021999512
