,Mean,Standard Deviation
F1 Scores,0.4751034063805973,0.028451874269962252
Score Times,0.06478471755981445,0.041957450889873925
Fit Times,0.5166471481323243,0.1280029841457722
