,Mean,Standard Deviation
F1 Scores,0.4436317405708493,0.02890427449541083
Score Times,0.0028556346893310546,0.003589416328036614
Fit Times,0.0061948299407958984,0.003459273336251228
