,Mean,Standard Deviation
F1 Scores,0.4272737682696349,0.04683342418122433
Score Times,0.13830533027648925,0.011686618786687298
Fit Times,0.1859132766723633,0.037239273386025014
