,Mean,Standard Deviation
F1 Scores,0.43542677019889203,0.04185257246144662
Score Times,0.026165056228637695,0.005601793907212725
Fit Times,0.008720731735229493,0.000987449310706497
